{"open": 8.300000190734863, "high": 8.819999694824219, "low": 8.300000190734863, "close": 8.380000114440918}