{"open": 10.029999732971191, "high": 10.029999732971191, "low": 9.829999923706055, "close": 9.829999923706055}