{"open": 8.380000114440918, "high": 8.489999771118164, "low": 7.75, "close": 8.0}