{"open": 8.079999923706055, "high": 8.199999809265137, "low": 8.020000457763672, "close": 8.020000457763672}