{"open": 8.289999961853027, "high": 8.300000190734863, "low": 7.909999847412109, "close": 8.039999961853027}