{"open": 9.289999961853027, "high": 9.300000190734863, "low": 8.640000343322754, "close": 9.050000190734863}