{"open": 8.609999656677246, "high": 8.609999656677246, "low": 8.229999542236328, "close": 8.350000381469727}