{"open": 8.100000381469727, "high": 8.100000381469727, "low": 8.010000228881836, "close": 8.010000228881836}