{"open": 9.350000381469727, "high": 9.4399995803833, "low": 8.949999809265137, "close": 8.960000038146973}