{"open": 8.09000015258789, "high": 8.100000381469727, "low": 8.010000228881836, "close": 8.100000381469727}