{"open": 11.899999618530273, "high": 11.899999618530273, "low": 11.069999694824219, "close": 11.199999809265137}