{"open": 8.460000038146973, "high": 8.460000038146973, "low": 8.010000228881836, "close": 8.149999618530273}