{"open": 11.859999656677246, "high": 12.380000114440918, "low": 11.859999656677246, "close": 12.28499984741211}