{"open": 14.289999961853027, "high": 14.640000343322754, "low": 14.289999961853027, "close": 14.399999618530273}