{"open": 13.0, "high": 13.449999809265137, "low": 12.489999771118164, "close": 12.65999984741211}