{"open": 11.729999542236328, "high": 13.399999618530273, "low": 11.699999809265137, "close": 13.380000114440918}