{"open": 10.100000381469727, "high": 10.619999885559082, "low": 10.100000381469727, "close": 10.479999542236328}