{"open": 12.0, "high": 12.050000190734863, "low": 11.789999961853027, "close": 11.789999961853027}