{"open": 8.670000076293945, "high": 8.670000076293945, "low": 8.529999732971191, "close": 8.600000381469727}