{"open": 8.050000190734863, "high": 8.199999809265137, "low": 8.0, "close": 8.0}