{"open": 11.960000038146973, "high": 12.319999694824219, "low": 11.40999984741211, "close": 12.09000015258789}