{"open": 11.899999618530273, "high": 11.90999984741211, "low": 11.739999771118164, "close": 11.8100004196167}