{"open": 15.859999656677246, "high": 15.9399995803833, "low": 15.420000076293945, "close": 15.744999885559082}