{"open": 12.850000381469727, "high": 13.0, "low": 12.3100004196167, "close": 12.479999542236328}