{"open": 8.0, "high": 8.0, "low": 7.849999904632568, "close": 7.849999904632568}