{"open": 8.649999618530273, "high": 8.720000267028809, "low": 8.5600004196167, "close": 8.649999618530273}