{"open": 11.65999984741211, "high": 12.329999923706055, "low": 11.65999984741211, "close": 12.25}