{"open": 10.600000381469727, "high": 10.600000381469727, "low": 10.289999961853027, "close": 10.289999961853027}