{"open": 12.5, "high": 12.5, "low": 12.260000228881836, "close": 12.399999618530273}