{"open": 10.869999885559082, "high": 10.869999885559082, "low": 10.869999885559082, "close": 10.869999885559082}