{"open": 10.649999618530273, "high": 10.800000190734863, "low": 9.819999694824219, "close": 10.5}