{"open": 10.050000190734863, "high": 10.170000076293945, "low": 10.039999961853027, "close": 10.170000076293945}