{"open": 7.849999904632568, "high": 8.210000038146973, "low": 7.849999904632568, "close": 8.109999656677246}