{"open": 12.0, "high": 12.300000190734863, "low": 11.720000267028809, "close": 12.0}