{"open": 15.0, "high": 15.1899995803833, "low": 14.880000114440918, "close": 14.975600242614746}