{"open": 10.630000114440918, "high": 10.630000114440918, "low": 10.3100004196167, "close": 10.3100004196167}