{"open": 14.329999923706055, "high": 14.59000015258789, "low": 14.1899995803833, "close": 14.1899995803833}