{"open": 12.420000076293945, "high": 12.420000076293945, "low": 11.90999984741211, "close": 11.90999984741211}