{"open": 11.5600004196167, "high": 12.359999656677246, "low": 11.510000228881836, "close": 11.875}