{"open": 13.579999923706055, "high": 13.890000343322754, "low": 13.050000190734863, "close": 13.65999984741211}