{"open": 11.600000381469727, "high": 11.949999809265137, "low": 11.539999961853027, "close": 11.539999961853027}