{"open": 11.800000190734863, "high": 12.300000190734863, "low": 11.5, "close": 11.5}