{"open": 10.460000038146973, "high": 10.460000038146973, "low": 10.295000076293945, "close": 10.300000190734863}