{"open": 12.460000038146973, "high": 12.460000038146973, "low": 12.149999618530273, "close": 12.380000114440918}