{"open": 7.769999980926514, "high": 7.949999809265137, "low": 7.690000057220459, "close": 7.909999847412109}