{"open": 8.600000381469727, "high": 8.770000457763672, "low": 8.510000228881836, "close": 8.510000228881836}