{"open": 8.050000190734863, "high": 8.350000381469727, "low": 7.880000114440918, "close": 8.050000190734863}