{"open": 12.5, "high": 12.600000381469727, "low": 12.479999542236328, "close": 12.550000190734863}