{"open": 8.170000076293945, "high": 8.289999961853027, "low": 8.149999618530273, "close": 8.25}