{"open": 11.020000457763672, "high": 11.40999984741211, "low": 11.020000457763672, "close": 11.149999618530273}