{"open": 9.241000175476074, "high": 9.670000076293945, "low": 8.890000343322754, "close": 9.220000267028809}