{"open": 13.890000343322754, "high": 14.260000228881836, "low": 13.770000457763672, "close": 13.970000267028809}