{"open": 11.010000228881836, "high": 11.25, "low": 10.869999885559082, "close": 10.899999618530273}