{"open": 9.949999809265137, "high": 9.949999809265137, "low": 9.949999809265137, "close": 9.949999809265137}