{"open": 8.270000457763672, "high": 8.350000381469727, "low": 8.199999809265137, "close": 8.34000015258789}