{"open": 11.645000457763672, "high": 11.920000076293945, "low": 11.510000228881836, "close": 11.920000076293945}