{"open": 9.289999961853027, "high": 9.59000015258789, "low": 9.289999961853027, "close": 9.550000190734863}