{"open": 11.850000381469727, "high": 11.850000381469727, "low": 11.260000228881836, "close": 11.460000038146973}