{"open": 11.510000228881836, "high": 12.203499794006348, "low": 11.510000228881836, "close": 11.899999618530273}