{"open": 13.34000015258789, "high": 13.800000190734863, "low": 13.34000015258789, "close": 13.699999809265137}