{"open": 13.170000076293945, "high": 13.460000038146973, "low": 13.029999732971191, "close": 13.279999732971191}