{"open": 15.329999923706055, "high": 15.510000228881836, "low": 14.800000190734863, "close": 15.0600004196167}