{"open": 12.630000114440918, "high": 12.630000114440918, "low": 12.170000076293945, "close": 12.300000190734863}