{"open": 7.989999771118164, "high": 8.140000343322754, "low": 7.989999771118164, "close": 8.050000190734863}