{"open": 10.020000457763672, "high": 10.380000114440918, "low": 10.0, "close": 10.0}