{"open": 12.010000228881836, "high": 12.020000457763672, "low": 11.9399995803833, "close": 11.9399995803833}