{"open": 7.800000190734863, "high": 8.449999809265137, "low": 7.679999828338623, "close": 8.039999961853027}