{"open": 12.789999961853027, "high": 13.640000343322754, "low": 12.789999961853027, "close": 13.449999809265137}