{"open": 12.010000228881836, "high": 12.069999694824219, "low": 11.609999656677246, "close": 11.766799926757812}