{"open": 8.149999618530273, "high": 8.890000343322754, "low": 8.149999618530273, "close": 8.449999809265137}