{"open": 11.960000038146973, "high": 12.069999694824219, "low": 11.5, "close": 12.050000190734863}