{"open": 13.380000114440918, "high": 14.0, "low": 13.199999809265137, "close": 13.869999885559082}