{"open": 12.0, "high": 12.119999885559082, "low": 11.899999618530273, "close": 12.050000190734863}