{"open": 12.300000190734863, "high": 12.4399995803833, "low": 12.100000381469727, "close": 12.4399995803833}