{"open": 10.979999542236328, "high": 10.979999542236328, "low": 10.550000190734863, "close": 10.550000190734863}