{"open": 12.8100004196167, "high": 12.8100004196167, "low": 11.958999633789062, "close": 12.170000076293945}