{"open": 8.199999809265137, "high": 8.279999732971191, "low": 8.050000190734863, "close": 8.140000343322754}