{"open": 10.039999961853027, "high": 10.140000343322754, "low": 10.0, "close": 10.140000343322754}