{"open": 12.479999542236328, "high": 12.989999771118164, "low": 12.460000038146973, "close": 12.954999923706055}