{"open": 12.319999694824219, "high": 12.760000228881836, "low": 12.300000190734863, "close": 12.34000015258789}