{"open": 10.119999885559082, "high": 10.119999885559082, "low": 9.850000381469727, "close": 9.850000381469727}