{"open": 9.760000228881836, "high": 9.770000457763672, "low": 9.449999809265137, "close": 9.449999809265137}