{"open": 10.199999809265137, "high": 10.199999809265137, "low": 10.100000381469727, "close": 10.119999885559082}