{"open": 13.649999618530273, "high": 14.279999732971191, "low": 13.649999618530273, "close": 13.970000267028809}