{"open": 12.625, "high": 13.020000457763672, "low": 12.529999732971191, "close": 12.8100004196167}