{"open": 8.199999809265137, "high": 8.25, "low": 8.109999656677246, "close": 8.140000343322754}