{"open": 13.149999618530273, "high": 13.845000267028809, "low": 13.149999618530273, "close": 13.520000457763672}