{"open": 11.130000114440918, "high": 11.130000114440918, "low": 10.5, "close": 10.920000076293945}