{"open": 11.420000076293945, "high": 11.479999542236328, "low": 11.050000190734863, "close": 11.100000381469727}