{"open": 8.800000190734863, "high": 8.90999984741211, "low": 8.600000381469727, "close": 8.899999618530273}