{"open": 12.520000457763672, "high": 12.760000228881836, "low": 12.229999542236328, "close": 12.489999771118164}