{"open": 12.350000381469727, "high": 12.699999809265137, "low": 12.289999961853027, "close": 12.5}