{"open": 14.449999809265137, "high": 14.65999984741211, "low": 14.380000114440918, "close": 14.550000190734863}