{"open": 8.100000381469727, "high": 8.100000381469727, "low": 7.619999885559082, "close": 7.650000095367432}