{"open": 16.40999984741211, "high": 16.979999542236328, "low": 15.819999694824219, "close": 16.030000686645508}