{"open": 15.300000190734863, "high": 16.299999237060547, "low": 15.300000190734863, "close": 15.449999809265137}