{"open": 12.050000190734863, "high": 13.050000190734863, "low": 11.779999732971191, "close": 13.050000190734863}