{"open": 8.0, "high": 8.800000190734863, "low": 7.179999828338623, "close": 8.329999923706055}