{"open": 14.489999771118164, "high": 15.199999809265137, "low": 14.25, "close": 15.199999809265137}