{"open": 10.399999618530273, "high": 10.399999618530273, "low": 10.399999618530273, "close": 10.399999618530273}