{"open": 8.100000381469727, "high": 8.239999771118164, "low": 8.09000015258789, "close": 8.119999885559082}