{"open": 11.859999656677246, "high": 11.859999656677246, "low": 11.859999656677246, "close": 11.859999656677246}