{"open": 15.899999618530273, "high": 16.5, "low": 15.680000305175781, "close": 15.949999809265137}