{"open": 12.100000381469727, "high": 12.109999656677246, "low": 11.899999618530273, "close": 11.96500015258789}