{"open": 11.220000267028809, "high": 11.279999732971191, "low": 11.010000228881836, "close": 11.25}