{"open": 8.470000267028809, "high": 8.989999771118164, "low": 8.130000114440918, "close": 8.479999542236328}