{"open": 8.029999732971191, "high": 8.029999732971191, "low": 7.650000095367432, "close": 7.900000095367432}