{"open": 13.489999771118164, "high": 13.489999771118164, "low": 13.020000457763672, "close": 13.390000343322754}