{"open": 11.859999656677246, "high": 11.949999809265137, "low": 11.40999984741211, "close": 11.600000381469727}