{"open": 8.65999984741211, "high": 8.720000267028809, "low": 8.600000381469727, "close": 8.6899995803833}