{"open": 10.300000190734863, "high": 10.470000267028809, "low": 10.220000267028809, "close": 10.460000038146973}