{"open": 15.0, "high": 15.199999809265137, "low": 14.699999809265137, "close": 15.0}