{"open": 9.010000228881836, "high": 10.0, "low": 9.010000228881836, "close": 10.0}