{"open": 8.5, "high": 9.760000228881836, "low": 8.5, "close": 9.050000190734863}