{"open": 8.350000381469727, "high": 8.510000228881836, "low": 8.130000114440918, "close": 8.430000305175781}