{"open": 10.279999732971191, "high": 10.369999885559082, "low": 10.119999885559082, "close": 10.199999809265137}