{"open": 8.109999656677246, "high": 8.109999656677246, "low": 7.880000114440918, "close": 8.050000190734863}