{"open": 11.350000381469727, "high": 11.350000381469727, "low": 10.760000228881836, "close": 10.989999771118164}