{"open": 12.25, "high": 12.699999809265137, "low": 12.25, "close": 12.520000457763672}