{"open": 8.15999984741211, "high": 8.600000381469727, "low": 8.15999984741211, "close": 8.460000038146973}