{"open": 12.829999923706055, "high": 12.829999923706055, "low": 12.616800308227539, "close": 12.75}