{"open": 12.890000343322754, "high": 12.890000343322754, "low": 12.329999923706055, "close": 12.329999923706055}