{"open": 11.199999809265137, "high": 11.34000015258789, "low": 11.079999923706055, "close": 11.329999923706055}