{"open": 15.600000381469727, "high": 16.450000762939453, "low": 15.550000190734863, "close": 16.062000274658203}