{"open": 13.34000015258789, "high": 13.789999961853027, "low": 13.239999771118164, "close": 13.3100004196167}