{"open": 7.650000095367432, "high": 7.920000076293945, "low": 7.5, "close": 7.809999942779541}