{"open": 8.5, "high": 8.5, "low": 8.130000114440918, "close": 8.130000114440918}