{"open": 22.06999969482422, "high": 22.170000076293945, "low": 21.739999771118164, "close": 21.8799991607666}