{"open": 32.0, "high": 32.150001525878906, "low": 31.670000076293945, "close": 32.02000045776367}