{"open": 28.899999618530273, "high": 29.270000457763672, "low": 28.899999618530273, "close": 29.25}