{"open": 30.799999237060547, "high": 30.950000762939453, "low": 30.690000534057617, "close": 30.739999771118164}