{"open": 21.1200008392334, "high": 21.299999237060547, "low": 21.049999237060547, "close": 21.1299991607666}