{"open": 20.469999313354492, "high": 20.489999771118164, "low": 19.829999923706055, "close": 20.170000076293945}