{"open": 21.329999923706055, "high": 21.469999313354492, "low": 20.549999237060547, "close": 21.190000534057617}