{"open": 20.8799991607666, "high": 21.290000915527344, "low": 20.420000076293945, "close": 21.049999237060547}