{"open": 21.739999771118164, "high": 21.90999984741211, "low": 20.40999984741211, "close": 21.520000457763672}