{"open": 35.060001373291016, "high": 35.33000183105469, "low": 35.0099983215332, "close": 35.119998931884766}