{"open": 34.5, "high": 34.97999954223633, "low": 33.86000061035156, "close": 34.970001220703125}