{"open": 31.25, "high": 33.849998474121094, "low": 31.25, "close": 32.9900016784668}