{"open": 22.170000076293945, "high": 22.53499984741211, "low": 21.670000076293945, "close": 21.97010040283203}