{"open": 20.1299991607666, "high": 20.15999984741211, "low": 19.950000762939453, "close": 20.1299991607666}