{"open": 32.54999923706055, "high": 32.599998474121094, "low": 32.279998779296875, "close": 32.38999938964844}