{"open": 20.479999542236328, "high": 20.670000076293945, "low": 20.350000381469727, "close": 20.469999313354492}