{"open": 21.309999465942383, "high": 21.389999389648438, "low": 20.950000762939453, "close": 21.010000228881836}