{"open": 22.34000015258789, "high": 22.645000457763672, "low": 22.280000686645508, "close": 22.420000076293945}