{"open": 20.8700008392334, "high": 21.059999465942383, "low": 20.020099639892578, "close": 20.22010040283203}