{"open": 19.799999237060547, "high": 20.059999465942383, "low": 19.80500030517578, "close": 20.014999389648438}