{"open": 21.90999984741211, "high": 21.950000762939453, "low": 21.510000228881836, "close": 21.549999237060547}