{"open": 22.59000015258789, "high": 22.899999618530273, "low": 22.149999618530273, "close": 22.760000228881836}