{"open": 27.440000534057617, "high": 27.68000030517578, "low": 27.260000228881836, "close": 27.549999237060547}