{"open": 22.700000762939453, "high": 23.045000076293945, "low": 21.95210075378418, "close": 22.892000198364258}