{"open": 21.1200008392334, "high": 21.299999237060547, "low": 21.1200008392334, "close": 21.25}