{"open": 29.649999618530273, "high": 29.81999969482422, "low": 29.290000915527344, "close": 29.549999237060547}