{"open": 23.06999969482422, "high": 23.540000915527344, "low": 22.770000457763672, "close": 23.020000457763672}