{"open": 21.969999313354492, "high": 22.040000915527344, "low": 21.700300216674805, "close": 21.850000381469727}