{"open": 22.469999313354492, "high": 22.850000381469727, "low": 22.270099639892578, "close": 22.519899368286133}