{"open": 22.209999084472656, "high": 22.33989906311035, "low": 21.875, "close": 22.059999465942383}