{"open": 23.290000915527344, "high": 24.06999969482422, "low": 23.030000686645508, "close": 23.339000701904297}