{"open": 20.229999542236328, "high": 20.389999389648438, "low": 19.969999313354492, "close": 20.09000015258789}