{"open": 22.459999084472656, "high": 22.579999923706055, "low": 22.395000457763672, "close": 22.420000076293945}