{"open": 35.880001068115234, "high": 35.900001525878906, "low": 35.619998931884766, "close": 35.7400016784668}