{"open": 22.90999984741211, "high": 23.649999618530273, "low": 22.860000610351562, "close": 23.6299991607666}