{"open": 28.479999542236328, "high": 28.5, "low": 27.950000762939453, "close": 27.969999313354492}