{"open": 27.75, "high": 27.959999084472656, "low": 27.350000381469727, "close": 27.639999389648438}