{"open": 32.25, "high": 32.279998779296875, "low": 31.600000381469727, "close": 31.719999313354492}