{"open": 19.459999084472656, "high": 19.459999084472656, "low": 19.15999984741211, "close": 19.34000015258789}