{"open": 21.979999542236328, "high": 22.03499984741211, "low": 21.760000228881836, "close": 21.954999923706055}