{"open": 18.510000228881836, "high": 20.68000030517578, "low": 18.5, "close": 20.549999237060547}