{"open": 20.229999542236328, "high": 20.690000534057617, "low": 20.204999923706055, "close": 20.53499984741211}