{"open": 22.899999618530273, "high": 22.950000762939453, "low": 22.399999618530273, "close": 22.405000686645508}