{"open": 19.600000381469727, "high": 20.18000030517578, "low": 19.440000534057617, "close": 20.170000076293945}