{"open": 22.200000762939453, "high": 22.350000381469727, "low": 21.770000457763672, "close": 22.06999969482422}