{"open": 23.18000030517578, "high": 23.25, "low": 23.0, "close": 23.1299991607666}