{"open": 31.5, "high": 31.719999313354492, "low": 31.09000015258789, "close": 31.649999618530273}