{"open": 30.0, "high": 31.670000076293945, "low": 28.81999969482422, "close": 28.959999084472656}