{"open": 21.030000686645508, "high": 21.350000381469727, "low": 20.75, "close": 21.014999389648438}