{"open": 21.25, "high": 21.579999923706055, "low": 21.049999237060547, "close": 21.56999969482422}