{"open": 20.40999984741211, "high": 20.690000534057617, "low": 20.40999984741211, "close": 20.610000610351562}