{"open": 21.149999618530273, "high": 21.170000076293945, "low": 20.604999542236328, "close": 20.700000762939453}