{"open": 19.5, "high": 19.639999389648438, "low": 19.209999084472656, "close": 19.2814998626709}