{"open": 21.520000457763672, "high": 22.239999771118164, "low": 21.469999313354492, "close": 22.209999084472656}