{"open": 35.29999923706055, "high": 35.38999938964844, "low": 35.0, "close": 35.189998626708984}