{"open": 22.325000762939453, "high": 22.75, "low": 22.09000015258789, "close": 22.31999969482422}