{"open": 20.079999923706055, "high": 20.19029998779297, "low": 19.84000015258789, "close": 20.170000076293945}