{"open": 21.40999984741211, "high": 21.780000686645508, "low": 21.360000610351562, "close": 21.65999984741211}