{"open": 35.349998474121094, "high": 35.45000076293945, "low": 35.18000030517578, "close": 35.25}