{"open": 29.31999969482422, "high": 29.3700008392334, "low": 28.975000381469727, "close": 28.989999771118164}