{"open": 21.700000762939453, "high": 21.846799850463867, "low": 21.610000610351562, "close": 21.780000686645508}