{"open": 32.56999969482422, "high": 32.650001525878906, "low": 32.130001068115234, "close": 32.630001068115234}