{"open": 29.084999084472656, "high": 29.18000030517578, "low": 28.850000381469727, "close": 28.940000534057617}