{"open": 30.950000762939453, "high": 30.950000762939453, "low": 30.655000686645508, "close": 30.8700008392334}