{"open": 31.520000457763672, "high": 31.989999771118164, "low": 31.309999465942383, "close": 31.719999313354492}