{"open": 20.790000915527344, "high": 21.6299991607666, "low": 20.510000228881836, "close": 21.31999969482422}