{"open": 20.43000030517578, "high": 20.729999542236328, "low": 20.405500411987305, "close": 20.684999465942383}