{"open": 28.149999618530273, "high": 28.340099334716797, "low": 27.979999542236328, "close": 28.0049991607666}