{"open": 26.899999618530273, "high": 27.040000915527344, "low": 26.40999984741211, "close": 26.479999542236328}