{"open": 20.469999313354492, "high": 20.75, "low": 20.424999237060547, "close": 20.75}