{"open": 19.780000686645508, "high": 19.81999969482422, "low": 19.600000381469727, "close": 19.779699325561523}