{"open": 32.665000915527344, "high": 32.81999969482422, "low": 32.310001373291016, "close": 32.43000030517578}