{"open": 21.920000076293945, "high": 22.65999984741211, "low": 21.389999389648438, "close": 21.549999237060547}