{"open": 32.41999816894531, "high": 32.470001220703125, "low": 32.18000030517578, "close": 32.369998931884766}