{"open": 32.619998931884766, "high": 33.95000076293945, "low": 32.619998931884766, "close": 33.7400016784668}