{"open": 22.399999618530273, "high": 22.764999389648438, "low": 22.309999465942383, "close": 22.709999084472656}