{"open": 21.799999237060547, "high": 22.149999618530273, "low": 21.459999084472656, "close": 22.010000228881836}