{"open": 32.150001525878906, "high": 33.16999816894531, "low": 32.0099983215332, "close": 33.11000061035156}