{"open": 19.81999969482422, "high": 19.989999771118164, "low": 19.600000381469727, "close": 19.670000076293945}