{"open": 22.18000030517578, "high": 22.209999084472656, "low": 21.989999771118164, "close": 22.09000015258789}