{"open": 26.6299991607666, "high": 26.93000030517578, "low": 25.260000228881836, "close": 25.459999084472656}