{"open": 20.670000076293945, "high": 20.68000030517578, "low": 20.440000534057617, "close": 20.510000228881836}