{"open": 33.529998779296875, "high": 34.220001220703125, "low": 33.0099983215332, "close": 33.16999816894531}