{"open": 22.06999969482422, "high": 22.187999725341797, "low": 21.979999542236328, "close": 22.1299991607666}