{"open": 35.08000183105469, "high": 35.439998626708984, "low": 34.959999084472656, "close": 35.06999969482422}