{"open": 21.389999389648438, "high": 21.689899444580078, "low": 21.239999771118164, "close": 21.420000076293945}