{"open": 28.31999969482422, "high": 28.420000076293945, "low": 27.844999313354492, "close": 28.040000915527344}