{"open": 22.350000381469727, "high": 22.450000762939453, "low": 21.6200008392334, "close": 21.799999237060547}