{"open": 22.18000030517578, "high": 22.190000534057617, "low": 21.6299991607666, "close": 21.8700008392334}