{"open": 35.709999084472656, "high": 35.97999954223633, "low": 35.040000915527344, "close": 35.20000076293945}