{"open": 22.149999618530273, "high": 22.399999618530273, "low": 22.020000457763672, "close": 22.219999313354492}