{"open": 33.029998779296875, "high": 33.029998779296875, "low": 32.61000061035156, "close": 32.689998626708984}