{"open": 35.97999954223633, "high": 36.279998779296875, "low": 35.720001220703125, "close": 35.869998931884766}