{"open": 34.5, "high": 34.7599983215332, "low": 34.09000015258789, "close": 34.52000045776367}