{"open": 31.3700008392334, "high": 31.6299991607666, "low": 31.350000381469727, "close": 31.389999389648438}