{"open": 32.2400016784668, "high": 32.40999984741211, "low": 31.649999618530273, "close": 31.739999771118164}