{"open": 28.389999389648438, "high": 28.389999389648438, "low": 27.049999237060547, "close": 27.65999984741211}