{"open": 22.010000228881836, "high": 22.399999618530273, "low": 22.010000228881836, "close": 22.31999969482422}