{"open": 35.599998474121094, "high": 35.68000030517578, "low": 35.040000915527344, "close": 35.09000015258789}