{"open": 30.959999084472656, "high": 31.030000686645508, "low": 30.600000381469727, "close": 30.709999084472656}