{"open": 23.15999984741211, "high": 23.15690040588379, "low": 22.90999984741211, "close": 22.93000030517578}