{"open": 20.229999542236328, "high": 20.280000686645508, "low": 19.149999618530273, "close": 19.149999618530273}