{"open": 33.0, "high": 33.060001373291016, "low": 32.5, "close": 32.720001220703125}