{"open": 22.399999618530273, "high": 22.600000381469727, "low": 22.209999084472656, "close": 22.59000015258789}