{"open": 19.700000762939453, "high": 19.709999084472656, "low": 19.235000610351562, "close": 19.549999237060547}