{"open": 34.2400016784668, "high": 34.2599983215332, "low": 34.04999923706055, "close": 34.18000030517578}