{"open": 31.309999465942383, "high": 31.700000762939453, "low": 31.170000076293945, "close": 31.68000030517578}