{"open": 21.8799991607666, "high": 22.0, "low": 21.729999542236328, "close": 21.729999542236328}