{"open": 22.0, "high": 22.040000915527344, "low": 20.90999984741211, "close": 21.200000762939453}