{"open": 23.020000457763672, "high": 23.09000015258789, "low": 22.280000686645508, "close": 22.3799991607666}