{"open": 21.329999923706055, "high": 21.43000030517578, "low": 20.639999389648438, "close": 20.809999465942383}