{"open": 29.649999618530273, "high": 29.68000030517578, "low": 29.06999969482422, "close": 29.139999389648438}