{"open": 31.799999237060547, "high": 32.349998474121094, "low": 31.790000915527344, "close": 32.06999969482422}