{"open": 19.84000015258789, "high": 19.940099716186523, "low": 19.489999771118164, "close": 19.489999771118164}