{"open": 20.84000015258789, "high": 21.260000228881836, "low": 20.80500030517578, "close": 20.98240089416504}