{"open": 28.719999313354492, "high": 29.34000015258789, "low": 28.649999618530273, "close": 29.270000457763672}