{"open": 22.600000381469727, "high": 22.860000610351562, "low": 22.540000915527344, "close": 22.709999084472656}