{"open": 35.349998474121094, "high": 35.54999923706055, "low": 35.349998474121094, "close": 35.459999084472656}