{"open": 22.049999237060547, "high": 22.34000015258789, "low": 22.014999389648438, "close": 22.250099182128906}