{"open": 29.520000457763672, "high": 29.6299991607666, "low": 28.81999969482422, "close": 29.360000610351562}