{"open": 22.219999313354492, "high": 22.25, "low": 21.969999313354492, "close": 21.974700927734375}