{"open": 21.670000076293945, "high": 22.56999969482422, "low": 21.6299991607666, "close": 22.469999313354492}