{"open": 31.40999984741211, "high": 31.989999771118164, "low": 31.290000915527344, "close": 31.709999084472656}