{"open": 19.479999542236328, "high": 19.489999771118164, "low": 19.309999465942383, "close": 19.475000381469727}