{"open": 22.34000015258789, "high": 22.549999237060547, "low": 22.209999084472656, "close": 22.43000030517578}