{"open": 32.369998931884766, "high": 32.470001220703125, "low": 31.90999984741211, "close": 32.060001373291016}