{"open": 26.709999084472656, "high": 26.8799991607666, "low": 26.270000457763672, "close": 26.774999618530273}