{"open": 22.139999389648438, "high": 22.295000076293945, "low": 21.8700008392334, "close": 22.049999237060547}