{"open": 28.5, "high": 28.979999542236328, "low": 28.350000381469727, "close": 28.440000534057617}