{"open": 32.34000015258789, "high": 32.81999969482422, "low": 32.290000915527344, "close": 32.689998626708984}