{"open": 21.6200008392334, "high": 21.719999313354492, "low": 21.25, "close": 21.579999923706055}