{"open": 46.88999938964844, "high": 47.060001373291016, "low": 46.33000183105469, "close": 46.720001220703125}