{"open": 56.459999084472656, "high": 57.16999816894531, "low": 56.2400016784668, "close": 56.77000045776367}