{"open": 50.970001220703125, "high": 51.0442008972168, "low": 50.625, "close": 50.880001068115234}