{"open": 54.65999984741211, "high": 55.064998626708984, "low": 54.375, "close": 54.5099983215332}