{"open": 48.72999954223633, "high": 49.72999954223633, "low": 48.5, "close": 48.95000076293945}