{"open": 45.165000915527344, "high": 45.630001068115234, "low": 44.79999923706055, "close": 45.02000045776367}