{"open": 50.220001220703125, "high": 51.34000015258789, "low": 50.09000015258789, "close": 50.77000045776367}