{"open": 51.060001373291016, "high": 51.540000915527344, "low": 51.029998779296875, "close": 51.41999816894531}