{"open": 58.029998779296875, "high": 58.1619987487793, "low": 57.375, "close": 57.61989974975586}