{"open": 49.810001373291016, "high": 50.29999923706055, "low": 49.459999084472656, "close": 49.84000015258789}