{"open": 53.29999923706055, "high": 53.61000061035156, "low": 53.040000915527344, "close": 53.375}