{"open": 59.06999969482422, "high": 59.76499938964844, "low": 58.5, "close": 59.3849983215332}