{"open": 55.869998931884766, "high": 55.970001220703125, "low": 55.459999084472656, "close": 55.88999938964844}