{"open": 57.59000015258789, "high": 58.05500030517578, "low": 57.04999923706055, "close": 57.20050048828125}