{"open": 47.5099983215332, "high": 48.439998626708984, "low": 46.11000061035156, "close": 48.16999816894531}