{"open": 45.34000015258789, "high": 45.525001525878906, "low": 45.025001525878906, "close": 45.34000015258789}