{"open": 58.86000061035156, "high": 59.2599983215332, "low": 58.52000045776367, "close": 58.56990051269531}