{"open": 59.060001373291016, "high": 59.72999954223633, "low": 58.61000061035156, "close": 59.65999984741211}