{"open": 48.16999816894531, "high": 48.459999084472656, "low": 47.75, "close": 47.83000183105469}