{"open": 51.31999969482422, "high": 51.349998474121094, "low": 50.630001068115234, "close": 50.66600036621094}