{"open": 48.54999923706055, "high": 48.630001068115234, "low": 46.92530059814453, "close": 47.28499984741211}