{"open": 51.290000915527344, "high": 51.97999954223633, "low": 51.10879898071289, "close": 51.5900993347168}