{"open": 61.77000045776367, "high": 62.349998474121094, "low": 61.54999923706055, "close": 62.23979949951172}