{"open": 58.77000045776367, "high": 59.060001373291016, "low": 57.63999938964844, "close": 57.869998931884766}