{"open": 49.779998779296875, "high": 49.79999923706055, "low": 49.119998931884766, "close": 49.21500015258789}