{"open": 47.040000915527344, "high": 47.70840072631836, "low": 46.970001220703125, "close": 47.43429946899414}