{"open": 62.0, "high": 62.560001373291016, "low": 60.95000076293945, "close": 61.56999969482422}