{"open": 51.439998626708984, "high": 51.52000045776367, "low": 51.040000915527344, "close": 51.29999923706055}