{"open": 56.90999984741211, "high": 58.540000915527344, "low": 56.86000061035156, "close": 58.34000015258789}