{"open": 45.27000045776367, "high": 45.279998779296875, "low": 44.2400016784668, "close": 44.820098876953125}