{"open": 59.810001373291016, "high": 60.36539840698242, "low": 59.349998474121094, "close": 60.0099983215332}