{"open": 59.70000076293945, "high": 59.72999954223633, "low": 59.060001373291016, "close": 59.5099983215332}