{"open": 56.72999954223633, "high": 57.09000015258789, "low": 56.002498626708984, "close": 56.939998626708984}