{"open": 57.56999969482422, "high": 57.66999816894531, "low": 56.40999984741211, "close": 56.470001220703125}