{"open": 50.77000045776367, "high": 51.58000183105469, "low": 50.51969909667969, "close": 50.83000183105469}