{"open": 54.540000915527344, "high": 55.369998931884766, "low": 54.5099983215332, "close": 54.77000045776367}