{"open": 57.65999984741211, "high": 58.025001525878906, "low": 56.619998931884766, "close": 57.310001373291016}