{"open": 49.30400085449219, "high": 50.150001525878906, "low": 49.15999984741211, "close": 49.97999954223633}