{"open": 46.0, "high": 46.68000030517578, "low": 45.97999954223633, "close": 46.625}