{"open": 63.25, "high": 63.6254997253418, "low": 63.099998474121094, "close": 63.54499816894531}