{"open": 60.439998626708984, "high": 60.68000030517578, "low": 59.560001373291016, "close": 59.56999969482422}