{"open": 60.27000045776367, "high": 60.43000030517578, "low": 59.877498626708984, "close": 60.0099983215332}