{"open": 54.66999816894531, "high": 55.40999984741211, "low": 54.630001068115234, "close": 54.88999938964844}