{"open": 55.13999938964844, "high": 55.40999984741211, "low": 54.369998931884766, "close": 55.09109878540039}