{"open": 55.90999984741211, "high": 56.1598014831543, "low": 55.689998626708984, "close": 56.03499984741211}