{"open": 54.36000061035156, "high": 54.77000045776367, "low": 54.20000076293945, "close": 54.380001068115234}