{"open": 59.63999938964844, "high": 59.880001068115234, "low": 59.400001525878906, "close": 59.790000915527344}