{"open": 53.5, "high": 53.88999938964844, "low": 53.150001525878906, "close": 53.65999984741211}