{"open": 55.650001525878906, "high": 56.09000015258789, "low": 54.92499923706055, "close": 55.935001373291016}