{"open": 61.650001525878906, "high": 61.70000076293945, "low": 60.09000015258789, "close": 60.557701110839844}