{"open": 50.779998779296875, "high": 50.93000030517578, "low": 48.79499816894531, "close": 50.130001068115234}