{"open": 61.54999923706055, "high": 62.28900146484375, "low": 61.45000076293945, "close": 62.08000183105469}