{"open": 50.88999938964844, "high": 50.959999084472656, "low": 50.279998779296875, "close": 50.43000030517578}