{"open": 44.119998931884766, "high": 44.47999954223633, "low": 43.64500045776367, "close": 43.91419982910156}