{"open": 58.779998779296875, "high": 59.14500045776367, "low": 58.20000076293945, "close": 58.529998779296875}