{"open": 50.439998626708984, "high": 50.810001373291016, "low": 50.2400016784668, "close": 50.38999938964844}