{"open": 50.470001220703125, "high": 50.529998779296875, "low": 49.13999938964844, "close": 49.439998626708984}