{"open": 55.90999984741211, "high": 55.90999984741211, "low": 55.689998626708984, "close": 55.850101470947266}