{"open": 48.5, "high": 48.59000015258789, "low": 48.119998931884766, "close": 48.209999084472656}