{"open": 56.59000015258789, "high": 57.279998779296875, "low": 56.15999984741211, "close": 56.970001220703125}