{"open": 44.040000915527344, "high": 45.189998626708984, "low": 43.439998626708984, "close": 44.810001373291016}