{"open": 56.72999954223633, "high": 57.68000030517578, "low": 56.540000915527344, "close": 56.630001068115234}