{"open": 48.86000061035156, "high": 49.61000061035156, "low": 48.85710144042969, "close": 49.52199935913086}