{"open": 62.04999923706055, "high": 62.56999969482422, "low": 61.760101318359375, "close": 62.31990051269531}