{"open": 56.56999969482422, "high": 57.18000030517578, "low": 56.029998779296875, "close": 56.33140182495117}