{"open": 46.130001068115234, "high": 47.27000045776367, "low": 45.2400016784668, "close": 46.90999984741211}