{"open": 51.540000915527344, "high": 52.84000015258789, "low": 51.474998474121094, "close": 52.625}