{"open": 55.75, "high": 56.239898681640625, "low": 55.45000076293945, "close": 56.019901275634766}