{"open": 52.439998626708984, "high": 54.110198974609375, "low": 51.57500076293945, "close": 52.04090118408203}