{"open": 60.650001525878906, "high": 61.22999954223633, "low": 60.47999954223633, "close": 60.810001373291016}