{"open": 46.619998931884766, "high": 46.65999984741211, "low": 45.83000183105469, "close": 46.150001525878906}