{"open": 53.220001220703125, "high": 53.41999816894531, "low": 52.27000045776367, "close": 52.63119888305664}