{"open": 48.20000076293945, "high": 48.75, "low": 47.47999954223633, "close": 48.13999938964844}