{"open": 63.459999084472656, "high": 63.71900177001953, "low": 63.2400016784668, "close": 63.29999923706055}