{"open": 46.0, "high": 46.66999816894531, "low": 45.66999816894531, "close": 45.96500015258789}