{"open": 59.970001220703125, "high": 61.75, "low": 59.529998779296875, "close": 61.529998779296875}