{"open": 63.22999954223633, "high": 63.36000061035156, "low": 62.540000915527344, "close": 63.3568000793457}