{"open": 44.9900016784668, "high": 46.02000045776367, "low": 44.7400016784668, "close": 45.7599983215332}