{"open": 49.2599983215332, "high": 49.45009994506836, "low": 49.0, "close": 49.45000076293945}