{"open": 47.09000015258789, "high": 47.130001068115234, "low": 45.849998474121094, "close": 46.060001373291016}