{"open": 47.45000076293945, "high": 47.70000076293945, "low": 46.0, "close": 46.75}