{"open": 50.59000015258789, "high": 50.9900016784668, "low": 50.41999816894531, "close": 50.8650016784668}