{"open": 54.40999984741211, "high": 55.18000030517578, "low": 54.13999938964844, "close": 54.75}