{"open": 59.810001373291016, "high": 59.849998474121094, "low": 59.08000183105469, "close": 59.36000061035156}