{"open": 48.0099983215332, "high": 48.66999816894531, "low": 47.97999954223633, "close": 48.54600143432617}