{"open": 61.040000915527344, "high": 61.099998474121094, "low": 59.68000030517578, "close": 59.84000015258789}