{"open": 56.97999954223633, "high": 57.650001525878906, "low": 56.220001220703125, "close": 57.650001525878906}