{"open": 60.0, "high": 60.349998474121094, "low": 59.08000183105469, "close": 59.29999923706055}