{"open": 47.45000076293945, "high": 47.70000076293945, "low": 46.279998779296875, "close": 46.52000045776367}