{"open": 54.0, "high": 54.650001525878906, "low": 53.90999984741211, "close": 54.4900016784668}