{"open": 57.470001220703125, "high": 57.97999954223633, "low": 57.29999923706055, "close": 57.810001373291016}