{"open": 51.72999954223633, "high": 52.279998779296875, "low": 49.880001068115234, "close": 50.130001068115234}