{"open": 56.2400016784668, "high": 56.85499954223633, "low": 55.95800018310547, "close": 56.4900016784668}