{"open": 45.66999816894531, "high": 45.900001525878906, "low": 44.459999084472656, "close": 44.72999954223633}