{"open": 57.59000015258789, "high": 58.05500030517578, "low": 56.83000183105469, "close": 57.18000030517578}