{"open": 47.380001068115234, "high": 48.0, "low": 46.939998626708984, "close": 47.439998626708984}