{"open": 50.52000045776367, "high": 50.81999969482422, "low": 49.95000076293945, "close": 50.43000030517578}