{"open": 54.529998779296875, "high": 54.89500045776367, "low": 53.849998474121094, "close": 53.869998931884766}