{"open": 59.13999938964844, "high": 59.56999969482422, "low": 58.79999923706055, "close": 58.9900016784668}