{"open": 50.130001068115234, "high": 50.60499954223633, "low": 49.88999938964844, "close": 50.15999984741211}