{"open": 48.970001220703125, "high": 49.279998779296875, "low": 48.38999938964844, "close": 49.09000015258789}