{"open": 60.83000183105469, "high": 60.84000015258789, "low": 59.97999954223633, "close": 60.5}