{"open": 53.04999923706055, "high": 53.34080123901367, "low": 52.679901123046875, "close": 53.00550079345703}