{"open": 57.189998626708984, "high": 57.81999969482422, "low": 56.93000030517578, "close": 57.7588996887207}