{"open": 47.18000030517578, "high": 47.65999984741211, "low": 47.06999969482422, "close": 47.369998931884766}