{"open": 58.310001373291016, "high": 58.369998931884766, "low": 57.76250076293945, "close": 58.01029968261719}