{"open": 54.439998626708984, "high": 54.720001220703125, "low": 53.82500076293945, "close": 54.060001373291016}