{"open": 52.27000045776367, "high": 52.869998931884766, "low": 51.83000183105469, "close": 52.72060012817383}