{"open": 45.220001220703125, "high": 45.33000183105469, "low": 42.83000183105469, "close": 42.84000015258789}