{"open": 55.15999984741211, "high": 55.91999816894531, "low": 54.959999084472656, "close": 55.209999084472656}