{"open": 52.310001373291016, "high": 53.040000915527344, "low": 52.08039855957031, "close": 52.95000076293945}