{"open": 63.11000061035156, "high": 63.44449996948242, "low": 62.435001373291016, "close": 62.71860122680664}