{"open": 48.439998626708984, "high": 49.09000015258789, "low": 48.165000915527344, "close": 49.09000015258789}