{"open": 61.790000915527344, "high": 61.84000015258789, "low": 60.06999969482422, "close": 60.12009811401367}