{"open": 58.939998626708984, "high": 59.83000183105469, "low": 58.869998931884766, "close": 59.369998931884766}