{"open": 48.29999923706055, "high": 48.65999984741211, "low": 46.790000915527344, "close": 47.070098876953125}