{"open": 50.40999984741211, "high": 50.605098724365234, "low": 49.915000915527344, "close": 50.2599983215332}