{"open": 55.584999084472656, "high": 56.119998931884766, "low": 53.11000061035156, "close": 54.445499420166016}