{"open": 47.7400016784668, "high": 47.859901428222656, "low": 46.75, "close": 46.77000045776367}