{"open": 54.0, "high": 54.369998931884766, "low": 53.41999816894531, "close": 54.06999969482422}