{"open": 47.189998626708984, "high": 48.900001525878906, "low": 46.915000915527344, "close": 48.839900970458984}