{"open": 51.560001373291016, "high": 51.77009963989258, "low": 50.650001525878906, "close": 50.709999084472656}