{"open": 52.22999954223633, "high": 52.34000015258789, "low": 51.08000183105469, "close": 51.28499984741211}