{"open": 55.79999923706055, "high": 56.04999923706055, "low": 54.790000915527344, "close": 54.98699951171875}