{"open": 48.61000061035156, "high": 48.61000061035156, "low": 48.02000045776367, "close": 48.21500015258789}