{"open": 46.7400016784668, "high": 46.91999816894531, "low": 46.130001068115234, "close": 46.330101013183594}