{"open": 39.65999984741211, "high": 43.689998626708984, "low": 39.560001373291016, "close": 43.5099983215332}