{"open": 61.540000915527344, "high": 62.190399169921875, "low": 61.459999084472656, "close": 62.150001525878906}