{"open": 59.970001220703125, "high": 60.84000015258789, "low": 59.529998779296875, "close": 60.76499938964844}