{"open": 47.709999084472656, "high": 47.709999084472656, "low": 47.22999954223633, "close": 47.43000030517578}