{"open": 25.149999618530273, "high": 25.5, "low": 24.649999618530273, "close": 24.649999618530273}