{"open": 26.100000381469727, "high": 26.709999084472656, "low": 26.020000457763672, "close": 26.709999084472656}