{"open": 19.700000762939453, "high": 19.899999618530273, "low": 19.299999237060547, "close": 19.299999237060547}