{"open": 20.229999542236328, "high": 20.329999923706055, "low": 20.0, "close": 20.260000228881836}