{"open": 20.200000762939453, "high": 20.34000015258789, "low": 19.899999618530273, "close": 19.899999618530273}