{"open": 27.200000762939453, "high": 28.360000610351562, "low": 27.100000381469727, "close": 28.25}