{"open": 18.5, "high": 18.5, "low": 17.68000030517578, "close": 17.850000381469727}