{"open": 20.389999389648438, "high": 20.549999237060547, "low": 20.049999237060547, "close": 20.0}