{"open": 19.90999984741211, "high": 20.020000457763672, "low": 19.729999542236328, "close": 19.80699920654297}