{"open": 20.0, "high": 20.0, "low": 19.360000610351562, "close": 19.487499237060547}