{"open": 19.049999237060547, "high": 19.299999237060547, "low": 19.049999237060547, "close": 19.270000457763672}