{"open": 20.469999313354492, "high": 20.829999923706055, "low": 20.399999618530273, "close": 20.600000381469727}