{"open": 21.100000381469727, "high": 21.31999969482422, "low": 20.110000610351562, "close": 20.614999771118164}