{"open": 22.639999389648438, "high": 22.760000228881836, "low": 22.219999313354492, "close": 22.5}