{"open": 18.280000686645508, "high": 18.799999237060547, "low": 18.280000686645508, "close": 18.600000381469727}