{"open": 19.239999771118164, "high": 19.43000030517578, "low": 18.889999389648438, "close": 19.0}