{"open": 20.75, "high": 20.790000915527344, "low": 20.540000915527344, "close": 20.600000381469727}