{"open": 23.18000030517578, "high": 26.950000762939453, "low": 22.809999465942383, "close": 26.700000762939453}