{"open": 19.65999984741211, "high": 19.860000610351562, "low": 19.43000030517578, "close": 19.860000610351562}