{"open": 19.100000381469727, "high": 19.459999084472656, "low": 18.959999084472656, "close": 19.34000015258789}