{"open": 17.809999465942383, "high": 18.850000381469727, "low": 17.25, "close": 18.850000381469727}