{"open": 19.290000915527344, "high": 19.299999237060547, "low": 18.979999542236328, "close": 18.979999542236328}