{"open": 24.0, "high": 24.0, "low": 23.479999542236328, "close": 23.829999923706055}