{"open": 18.25, "high": 18.25, "low": 17.93000030517578, "close": 18.010000228881836}