{"open": 21.420000076293945, "high": 21.899999618530273, "low": 21.420000076293945, "close": 21.799999237060547}