{"open": 23.6299991607666, "high": 23.860000610351562, "low": 23.25, "close": 23.68000030517578}