{"open": 19.940000534057617, "high": 20.059999465942383, "low": 19.84000015258789, "close": 20.0}