{"open": 18.690000534057617, "high": 19.239999771118164, "low": 18.690000534057617, "close": 19.020000457763672}