{"open": 21.399999618530273, "high": 21.739999771118164, "low": 20.860000610351562, "close": 21.360000610351562}