{"open": 19.850000381469727, "high": 20.34000015258789, "low": 19.84000015258789, "close": 20.309999465942383}