{"open": 21.799999237060547, "high": 23.5, "low": 21.799999237060547, "close": 22.8700008392334}