{"open": 18.440000534057617, "high": 18.549999237060547, "low": 18.122499465942383, "close": 18.290000915527344}