{"open": 20.649999618530273, "high": 21.280000686645508, "low": 20.610000610351562, "close": 20.670000076293945}