{"open": 23.0, "high": 23.81999969482422, "low": 23.0, "close": 23.59000015258789}