{"open": 17.940000534057617, "high": 18.0, "low": 17.84000015258789, "close": 17.899999618530273}