{"open": 26.149999618530273, "high": 26.670000076293945, "low": 26.100000381469727, "close": 26.18000030517578}