{"open": 18.799999237060547, "high": 19.469999313354492, "low": 18.75, "close": 19.360000610351562}