{"open": 22.760000228881836, "high": 22.93000030517578, "low": 22.309999465942383, "close": 22.533000946044922}