{"open": 25.059999465942383, "high": 25.239999771118164, "low": 24.799999237060547, "close": 24.979999542236328}