{"open": 26.1299991607666, "high": 26.93000030517578, "low": 26.1299991607666, "close": 26.38800048828125}