{"open": 23.18000030517578, "high": 24.299999237060547, "low": 22.809999465942383, "close": 24.239999771118164}