{"open": 23.0, "high": 23.0, "low": 22.43000030517578, "close": 22.979999542236328}