{"open": 19.489999771118164, "high": 19.489999771118164, "low": 19.270000457763672, "close": 19.350000381469727}