{"open": 19.84000015258789, "high": 20.079999923706055, "low": 19.84000015258789, "close": 19.8799991607666}