{"open": 20.6200008392334, "high": 21.149999618530273, "low": 20.510000228881836, "close": 20.799999237060547}