{"open": 26.5, "high": 26.940000534057617, "low": 26.40999984741211, "close": 26.889999389648438}