{"open": 20.1200008392334, "high": 20.520000457763672, "low": 20.0, "close": 20.510000228881836}