{"open": 18.420000076293945, "high": 19.0, "low": 18.420000076293945, "close": 18.972999572753906}