{"open": 19.549999237060547, "high": 19.709999084472656, "low": 19.450000762939453, "close": 19.709999084472656}