{"open": 19.5, "high": 19.940000534057617, "low": 19.5, "close": 19.68000030517578}