{"open": 23.979999542236328, "high": 25.0, "low": 23.979999542236328, "close": 24.010000228881836}