{"open": 26.899999618530273, "high": 27.0, "low": 26.68000030517578, "close": 27.0}