{"open": 25.049999237060547, "high": 25.100000381469727, "low": 24.5, "close": 25.0}