{"open": 24.670000076293945, "high": 24.809999465942383, "low": 24.010000228881836, "close": 24.260000228881836}