{"open": 21.489999771118164, "high": 21.8799991607666, "low": 21.3799991607666, "close": 21.823999404907227}