{"open": 18.239999771118164, "high": 18.399999618530273, "low": 18.110000610351562, "close": 18.110000610351562}