{"open": 25.149999618530273, "high": 26.299999237060547, "low": 25.049999237060547, "close": 25.959999084472656}