{"open": 22.989999771118164, "high": 23.0, "low": 22.770000457763672, "close": 22.780000686645508}