{"open": 21.549999237060547, "high": 21.989999771118164, "low": 21.3799991607666, "close": 21.450000762939453}