{"open": 18.959999084472656, "high": 18.959999084472656, "low": 18.5, "close": 18.642000198364258}