{"open": 19.540000915527344, "high": 19.700000762939453, "low": 19.3700008392334, "close": 19.700000762939453}