{"open": 20.709999084472656, "high": 21.049999237060547, "low": 20.5, "close": 20.5}