{"open": 23.520000457763672, "high": 23.8700008392334, "low": 23.510000228881836, "close": 23.850000381469727}