{"open": 22.200000762939453, "high": 23.649999618530273, "low": 22.200000762939453, "close": 23.049999237060547}