{"open": 22.510000228881836, "high": 22.739999771118164, "low": 21.850000381469727, "close": 21.889999389648438}