{"open": 18.309999465942383, "high": 18.469999313354492, "low": 17.950000762939453, "close": 18.239999771118164}