{"open": 20.260000228881836, "high": 20.260000228881836, "low": 20.0, "close": 20.0}