{"open": 26.899999618530273, "high": 26.899999618530273, "low": 26.700000762939453, "close": 26.899999618530273}