{"open": 21.600000381469727, "high": 21.799999237060547, "low": 21.600000381469727, "close": 21.700000762939453}