{"open": 18.549999237060547, "high": 18.690000534057617, "low": 18.371000289916992, "close": 18.690000534057617}