{"open": 18.350000381469727, "high": 18.350000381469727, "low": 18.065000534057617, "close": 18.15999984741211}