{"open": 19.600000381469727, "high": 19.799999237060547, "low": 19.600000381469727, "close": 19.790000915527344}