{"open": 19.40999984741211, "high": 19.40999984741211, "low": 19.170000076293945, "close": 19.350000381469727}