{"open": 23.43000030517578, "high": 23.65999984741211, "low": 23.43000030517578, "close": 23.479999542236328}