{"open": 22.969999313354492, "high": 22.969999313354492, "low": 22.219999313354492, "close": 22.450000762939453}