{"open": 18.0, "high": 18.170000076293945, "low": 17.899999618530273, "close": 18.170000076293945}