{"open": 19.200000762939453, "high": 19.229999542236328, "low": 19.09000015258789, "close": 19.229999542236328}