{"open": 22.0, "high": 22.149999618530273, "low": 21.600000381469727, "close": 21.84000015258789}