{"open": 19.889999389648438, "high": 20.110000610351562, "low": 19.649999618530273, "close": 20.18000030517578}