{"open": 19.5, "high": 19.6299991607666, "low": 19.3700008392334, "close": 19.6299991607666}