{"open": 21.690000534057617, "high": 21.940000534057617, "low": 21.204999923706055, "close": 21.940000534057617}