{"open": 18.1200008392334, "high": 18.524999618530273, "low": 18.1200008392334, "close": 18.299999237060547}