{"open": 23.59000015258789, "high": 23.670000076293945, "low": 23.209999084472656, "close": 23.25}