{"open": 20.399999618530273, "high": 20.549999237060547, "low": 19.799999237060547, "close": 20.549999237060547}