{"open": 21.06999969482422, "high": 21.829999923706055, "low": 20.75, "close": 21.170000076293945}