{"open": 20.520000457763672, "high": 20.989999771118164, "low": 20.520000457763672, "close": 20.940000534057617}