{"open": 19.600000381469727, "high": 21.040000915527344, "low": 19.600000381469727, "close": 20.489999771118164}