{"open": 22.040000915527344, "high": 22.040000915527344, "low": 21.1200008392334, "close": 21.280000686645508}