{"open": 18.899999618530273, "high": 19.030000686645508, "low": 18.68000030517578, "close": 18.68000030517578}