{"open": 22.850000381469727, "high": 23.700000762939453, "low": 22.610000610351562, "close": 22.899999618530273}