{"open": 22.549999237060547, "high": 22.790000915527344, "low": 22.440000534057617, "close": 22.790000915527344}