{"open": 23.139999389648438, "high": 23.149999618530273, "low": 22.520000457763672, "close": 22.520000457763672}