{"open": 18.0, "high": 18.0, "low": 17.3700008392334, "close": 17.600000381469727}