{"open": 17.200000762939453, "high": 17.549999237060547, "low": 17.059999465942383, "close": 17.389999389648438}