{"open": 20.579999923706055, "high": 20.889999389648438, "low": 20.579999923706055, "close": 20.889999389648438}