{"open": 24.100000381469727, "high": 24.770000457763672, "low": 23.489999771118164, "close": 23.950000762939453}