{"open": 21.239999771118164, "high": 21.989999771118164, "low": 21.239999771118164, "close": 21.399999618530273}