{"open": 25.884000778198242, "high": 26.8799991607666, "low": 25.884000778198242, "close": 26.5}