{"open": 20.520000457763672, "high": 20.770000457763672, "low": 20.520000457763672, "close": 20.700000762939453}