{"open": 19.969999313354492, "high": 20.440000534057617, "low": 19.0, "close": 19.489999771118164}