{"open": 20.0, "high": 20.1200008392334, "low": 19.959999084472656, "close": 20.0}