{"open": 22.760000228881836, "high": 22.760000228881836, "low": 22.350000381469727, "close": 22.6200008392334}