{"open": 23.3700008392334, "high": 23.670000076293945, "low": 22.809999465942383, "close": 22.90999984741211}