{"open": 21.1299991607666, "high": 21.389999389648438, "low": 21.0, "close": 21.329999923706055}