{"open": 20.440000534057617, "high": 20.690000534057617, "low": 20.200000762939453, "close": 20.40999984741211}