{"open": 18.229999542236328, "high": 18.229999542236328, "low": 17.889999389648438, "close": 18.0}