{"open": 19.920000076293945, "high": 20.489999771118164, "low": 19.639999389648438, "close": 20.200000762939453}