{"open": 22.799999237060547, "high": 23.219999313354492, "low": 22.75, "close": 23.209999084472656}