{"open": 23.8700008392334, "high": 26.399999618530273, "low": 23.780000686645508, "close": 25.8799991607666}