{"open": 24.079999923706055, "high": 24.09000015258789, "low": 23.40999984741211, "close": 23.790000915527344}