{"open": 19.68000030517578, "high": 20.25, "low": 19.68000030517578, "close": 20.079999923706055}