{"open": 19.290000915527344, "high": 19.415000915527344, "low": 18.860000610351562, "close": 18.899999618530273}