{"open": 22.270000457763672, "high": 22.969999313354492, "low": 22.260000228881836, "close": 22.860000610351562}