{"open": 18.25, "high": 18.600000381469727, "low": 18.1299991607666, "close": 18.600000381469727}