{"open": 20.950000762939453, "high": 21.139999389648438, "low": 20.700000762939453, "close": 20.75}