{"open": 26.489999771118164, "high": 26.719999313354492, "low": 26.010000228881836, "close": 26.290000915527344}