{"open": 21.040000915527344, "high": 21.31999969482422, "low": 21.040000915527344, "close": 21.100000381469727}