{"open": 27.079999923706055, "high": 27.079999923706055, "low": 26.690000534057617, "close": 27.049999237060547}