{"open": 20.239999771118164, "high": 20.239999771118164, "low": 19.549999237060547, "close": 19.799999237060547}