{"open": 18.420000076293945, "high": 19.052000045776367, "low": 18.420000076293945, "close": 19.016599655151367}