{"open": 26.399999618530273, "high": 26.8700008392334, "low": 26.399999618530273, "close": 26.75}