{"open": 25.55500030517578, "high": 25.75, "low": 24.969999313354492, "close": 25.280000686645508}