{"open": 18.889999389648438, "high": 18.889999389648438, "low": 18.520000457763672, "close": 18.719999313354492}