{"open": 23.200000762939453, "high": 23.489999771118164, "low": 23.100000381469727, "close": 23.489999771118164}