{"open": 22.829999923706055, "high": 23.5, "low": 22.829999923706055, "close": 23.3700008392334}