{"open": 21.709999084472656, "high": 21.899999618530273, "low": 21.709999084472656, "close": 21.719999313354492}