{"open": 17.770000457763672, "high": 17.850000381469727, "low": 17.299999237060547, "close": 17.299999237060547}