{"open": 23.90999984741211, "high": 24.440000534057617, "low": 23.90999984741211, "close": 23.989999771118164}