{"open": 22.799999237060547, "high": 23.06999969482422, "low": 22.6200008392334, "close": 22.6200008392334}