{"open": 22.200000762939453, "high": 23.469999313354492, "low": 23.139999389648438, "close": 23.469999313354492}